sample_id,mean_expr,std_expr
906826,4.824325186539315,2.199074526811904
687983,4.8538798007733925,2.1951201328688983
910927,4.83537193673152,2.190658957791261
1240138,4.81240285405969,2.1493040698405155
1240139,4.8115031120395395,2.1832598577969673
906792,4.823297357029642,2.1830175930539597
910688,4.833277588873592,2.1624543513355245
1240135,4.819846167179584,2.175443078309003
1290812,4.796806566435159,2.1504543475058724
907045,4.83713842379611,2.153383668826725
906861,4.848737645675421,2.177783029153139
906830,4.827372931954274,2.1532536258730324
909750,4.8170337988397245,2.2042912778317607
1240137,4.81315969975837,2.180643119733695
753552,4.847081817052696,2.1636428478950576
907065,4.815476613437085,2.1539755041447632
925338,4.868590012767119,2.1633664125606606
1290809,4.818644840038977,2.1493496110161496
949158,4.847616410801864,2.1580577520292006
924110,4.839896846751793,2.192858399950504
1240134,4.828786443597021,2.1606365611514717
907172,4.8032361684290015,2.174442621762345
687452,4.8319807310704155,2.1747950265644698
905947,4.841118487535499,2.161276773307345
1298134,4.835413164548653,2.1934575352331556
907058,4.835280280832844,2.1583483297316945
1290814,4.814574089267161,2.156715665328088
905975,4.828237740005918,2.1976993280148247
905939,4.848289588455461,2.1481430430536146
910704,4.838822378635722,2.1473100736458135
908460,4.819286394387728,2.171830019578676
909745,4.811447527511342,2.1687635801032474
907173,4.805711380124776,2.1657706752962094
905936,4.849035313739725,2.1594090460965942
1303896,4.848167041084179,2.143836735997465
907320,4.86074869800142,2.188371779625665
688058,4.8124726336049095,2.1822492510779865
905974,4.811881767648327,2.179993136775164
907060,4.808753562763087,2.1422102702082384
908470,4.8295098516437145,2.1396907511530756
908465,4.831490450466891,2.134988418605138
906746,4.807076947370284,2.1483466800375144
909703,4.836088669887088,2.1781242106830203
724855,4.850385206698043,2.141069447601421
724831,4.852501834242526,2.213696330229409
906813,4.797624610342778,2.1297426261200885
946359,4.8621460137516905,2.1600282006039406
909707,4.835261373019925,2.152403256819572
910399,4.838692598474424,2.191294384441623
687816,4.817204228438171,2.1710649162761135
907794,4.864150090023225,2.163876177542868
909698,4.857992169880199,2.1687344092275187
910903,4.827602404105356,2.147509178708187
910952,4.811258416271141,2.1255323537064204
909784,4.795828756995243,2.129595309696198
724873,4.826347162279643,2.1502187844435334
684055,4.8249994325986325,2.1649766386426035
906815,4.814823213111557,2.2013991241846473
906834,4.853589175558626,2.145584527502984
906798,4.837220005904906,2.207086894516386
910079,4.859928121227843,2.167955823042904
908462,4.80780994310208,2.1634795831000297
1290798,4.840971930065254,2.1625870516862062
905976,4.8257550597416765,2.152178361452782
906844,4.846255135163981,2.131936446630176
1240212,4.841854729196931,2.1568239701945418
1298151,4.837757773792129,2.1353977467551646
906817,4.8401588063631475,2.1843385072587123
1503367,4.834722827854841,2.132517077728026
753541,4.860858245461894,2.1619744459364734
1290730,4.812786288428678,2.151963608173619
905977,4.839062855411457,2.1609612753030643
909255,4.846100704979514,2.1775991958470726
1240131,4.8314419594726,2.1585045513469994
1240141,4.844840764986396,2.1752791379201515
1290810,4.824275736053232,2.1527683479512274
753618,4.839021110806804,2.132836935818582
687829,4.848411185074318,2.1785524107014735
949155,4.836783756906023,2.1674777261008167
1290813,4.807943459939892,2.1650337789644722
909747,4.8642401807471325,2.168368668920823
1290808,4.810927154985583,2.165375865068275
906797,4.81586332417979,2.191772099081366
910695,4.851507781728501,2.172650172927371
1240132,4.809848072451202,2.176442192653984
908150,4.826220076449312,2.1753334960986663
907169,4.811131097905638,2.183117639742738
722045,4.841274459313806,2.1840781349803353
909723,4.823811529203329,2.1703965224670623
905961,4.840044826337881,2.1646828373185922
910926,4.846585157608097,2.195541699265318
1240136,4.817593223794938,2.1793060615272997
909696,4.839971212410819,2.1609077482063492
1240210,4.804194256680481,2.1397373147950627
910544,4.836792378942565,2.181400519110029
925347,4.8099439894998985,2.1635906944133065
1240206,4.847936156235475,2.110557858713636
724868,4.83177512367085,2.178103253199106
724866,4.8451484800051094,2.148434788399971
687995,4.846409636892474,2.160195949287707
910548,4.842396502046817,2.1712404162174854
910549,4.822755962578052,2.1727335912484045
905991,4.8110617562346345,2.134762732699439
910401,4.818853594497578,2.170849139356156
1524416,4.8195920778336045,2.179055720140073
971774,4.825513906254756,2.0560313547041873
687455,4.8210502053203665,2.1314440805506676
925348,4.840949366188841,2.061661423379771
1240207,4.840215860387328,2.174753663375476
753599,4.815992990342264,2.1284526069342298
1240184,4.829199789625549,2.185426029238493
687798,4.849915956147398,2.167440561582761
910947,4.8444865793612,2.144731982176173
909248,4.814713596322835,2.160940174383807
1240198,4.8128158188943875,2.1610920076225226
1330995,4.810934039034341,2.119051304276475
910861,4.842674318886771,2.1702160012259046
909704,4.822147958008396,2.1436951387279413
1240201,4.826815872907719,2.1708429290017004
909260,4.853536935801605,2.1212534568772283
684681,4.840767106037431,2.1908290332856577
908475,4.8348450382691235,2.1531146770917924
908463,4.850740112410712,2.1473046939014835
905978,4.814547864630098,2.159757278554391
1298362,4.817494593959011,2.1356795033436593
1240199,4.832829854410834,2.1131998011273145
1524418,4.831997917335253,2.1786127409411025
1240209,4.831758821104038,2.1677628471523107
909699,4.813108491943819,2.1063571804895878
909706,4.815967084255503,2.0678841346122225
753608,4.840274673637028,2.1225276362502985
683667,4.832265043414732,2.1645204272949483
908471,4.872133011856564,2.1337428369947022
688010,4.832393275219927,2.159686627423921
910899,4.850520110758945,2.136419559819961
1298534,4.826192029917028,2.148327480889853
909249,4.823236251629629,2.1629502126669347
1240200,4.807474122658187,2.1426523295939512
909263,4.853908965205686,2.166822310362577
910931,4.833719925649331,2.144350730895216
909700,4.827977013632994,2.0733091602087526
910545,4.841130260061258,2.1520621908876465
1240202,4.8527606502729785,2.1698696733723297
1240208,4.835651528274682,2.1034000204115353
687997,4.815518975537205,2.123555459774501
908472,4.851653306492443,2.136918909498456
910900,4.8161072237849085,2.1008753853155064
1298539,4.813429063941553,2.140863771059945
1240196,4.835068738163505,2.1577251564320923
910546,4.801671125253691,2.1611305567639953
909697,4.858901673476102,2.1176978244748117
930083,4.7932147658205935,2.1127620807709597
909251,4.812976907510409,2.097345526547663
1298529,4.807235099074792,2.0562978666063256
1330987,4.834804950596978,2.1655206252292505
687799,4.847799047351362,2.1437780131747375
722058,4.833629622555216,2.1454074302785116
753600,4.8155552196128495,2.1348454265839476
1524419,4.806266156058538,2.0994948525788373
1240197,4.839611928111862,2.1598750640479167
1330991,4.831734762379864,2.1995641951473037
1298538,4.820526033842705,2.1298576092026402
909701,4.8394045690852705,2.155451888054175
909252,4.80912225243899,2.034132005172398
1240204,4.850482187105547,2.1094378764389003
946360,4.825005546663704,2.1592099983460527
1298349,4.862690871782723,2.1169781400213012
1298348,4.829862247962255,2.1565747212231057
909256,4.849228346505361,2.1887317733809613
905969,4.815600797578263,2.1426245295340887
1240185,4.833956412280212,2.1713518507456553
909264,4.821626585993671,2.1150323244586993
971773,4.841601887038444,2.192832578180506
905964,4.849081478331774,2.157485787844968
925346,4.8277421452311,2.1485689093738993
1240205,4.826458872017142,2.1588078649592117
909257,4.840659561852318,2.1583194632876777
908476,4.820170146974178,2.15283871198723
908467,4.857342251382133,2.1593031980056385
1298350,4.823225754336725,2.1690536817920756
1298359,4.843906614957183,2.170212605808165
909250,4.80578420514085,2.174209635822051
688007,4.822722373237559,2.1613449336388992
753575,4.8484359997413975,2.231114252497363
909975,4.8225811084304215,2.163844548330433
907279,4.801582258649698,2.155983865863431
946361,4.837669857096263,2.1935243586454485
907796,4.83212144979764,2.169279495833901
753588,4.851078543753091,2.178053003257192
1298226,4.8350685770493245,2.187664190425448
906868,4.802962419533506,2.1426098807434633
906873,4.812218022820291,2.1512567521495445
1240174,4.826861722256117,2.185489199093043
1330955,4.844933969555923,2.1752766962479844
924187,4.8291701185279,2.1817968975535034
907300,4.843921019628018,2.175732015580909
907276,4.8584033852861195,2.1936783744184924
907277,4.849651044943396,2.181084217261484
753586,4.838363565929363,2.162073313078354
1330935,4.844892042823943,2.1742361707078905
910694,4.812764396546712,2.155424200515254
907323,4.850231538336429,2.1929100940793935
910932,4.828282096389757,2.1378520471675113
907291,4.871267494709812,2.1823004341669026
910948,4.858656892314445,2.190926852219836
908127,4.818412241253011,2.1961948159355322
907319,4.840823598240705,2.1682978526118637
753574,4.82860213002416,2.1814331822752275
1327774,4.825025678906716,2.165788474937079
1298219,4.83826807504355,2.203188040325058
907786,4.834648934236085,2.1490119321712924
924239,4.855424902899106,2.182313780504934
1240169,4.807092940607251,2.180160134128853
906863,4.8373392843268395,2.177341965643025
907299,4.862630822003064,2.1882036047373234
906871,4.808143888223372,2.1585574468162383
925343,4.811711604736572,2.1466650501550886
908126,4.844041771323159,2.1912277042089165
907321,4.830275783395178,2.182901695914965
907311,4.835670075298753,2.16940459773912
907284,4.846638932125184,2.1336145609217754
1330931,4.848254507650619,2.1571180928674067
949170,4.843980359060418,2.107131377310493
753592,4.8163929050888195,2.1447723108037433
1240168,4.837305343254436,2.1921370387508747
1290806,4.864720704939918,2.1686286378971515
906999,4.8498466369267295,2.175068350468673
906872,4.803205749431054,2.1334186404999205
908129,4.866124598739445,2.1522639382084976
1330944,4.845844268587131,2.1745553096680017
907313,4.818036177578663,2.145513827772154
1298168,4.806436547047787,2.1156483251165152
753570,4.82624085426949,2.1657707543190443
713899,4.837662654363819,2.1533451311841
907795,4.8548325017588265,2.1678327994624205
1240170,4.822659465333557,2.172924509759823
906865,4.84227638822881,2.1759327528638575
906877,4.845677381590927,2.219115485733632
908147,4.839939594515414,2.1672457047017337
908128,4.820695780296037,2.186449657392656
753576,4.83637203205553,2.1913770082364703
1330933,4.825192831012207,2.167271609204336
1298169,4.8268387177354795,2.1717709689769884
753578,4.8307120993564325,2.1198154925276356
724863,4.8341675262561274,2.149200958895708
998189,4.844848557498044,2.1582105732651153
907783,4.867985685567568,2.1618627068004908
1240129,4.8487516767793,2.1536482969335466
1240130,4.849367437706604,2.1463538336343206
1290807,4.824690526852839,2.1459085107539146
908146,4.829006837809914,2.1358868916401277
687514,4.830372511310806,2.177959363832438
753573,4.833588751931663,2.162134143835049
907271,4.8102069519165855,2.1074208120773217
924188,4.792461862580352,2.143734233998054
753582,4.832112490116837,2.1226877404871205
713878,4.847024692480721,2.127187065091556
907792,4.83948077141622,2.14800655467323
906869,4.853039212611493,2.1621615222756683
906875,4.8507070751571515,2.1813140820894064
907298,4.8359446447175625,2.175338194668075
908148,4.850266187305314,2.208992671448868
908124,4.8316058087266915,2.189520043974795
907317,4.832629997519905,2.213512138574942
1327775,4.8257923125735145,2.1646487923097104
924186,4.805670022993365,2.1577425549568843
907787,4.835501384718902,2.1329048731613014
753589,4.85087134561568,2.1468536054276703
917486,4.856222141843589,2.1612945384616378
907789,4.835975472425292,2.1667684778591547
687568,4.8201953794901184,2.1465539170138723
907041,4.8292522268403495,2.1638022262743464
924250,4.835010958488807,2.174295160529859
908149,4.84471216827459,2.1970351125182503
1330943,4.845237841241035,2.1559220737197697
1240179,4.848230264457258,2.210341206197852
753596,4.816842372621958,2.1510583017242935
1240173,4.817288206539017,2.1547752711260455
687588,4.8080305229035805,2.138752284175404
1299078,4.8276753853526975,2.1477777381899843
909905,4.837193509745748,2.1321577671020577
753621,4.8459672068012765,2.143220391778817
753623,4.850141782276904,2.1448777719612386
930297,4.83284491138763,2.177140429910346
909709,4.8339523801427555,2.1170497614203465
1240216,4.821002072063091,2.1584191094166103
717431,4.825800666922101,2.030115555829968
753594,4.853679601475405,2.1490313007179016
971777,4.830734805296912,2.1631744260377506
1330947,4.860876522030865,2.0865725299453373
909777,4.845577097245384,2.17937406442064
1299081,4.810224413618308,2.142766152936112
909904,4.85813228457374,2.150931073275583
753622,4.8333014568045884,2.1620432962547214
946353,4.840648907058247,2.155677472613169
1331032,4.837549204724868,2.1526169840383242
909738,4.857288006752711,2.089336378807885
687457,4.847062390136528,2.143569922092965
688087,4.821151473232597,2.133411355316406
908156,4.839724946004817,2.1368367091657503
753595,4.80453579464851,2.138606675605488
905958,4.836357663421654,2.1575387477618673
909778,4.856704298443937,2.096533537385733
1240226,4.8038407067192415,2.1137973743395917
909907,4.833726891950081,2.12068668107159
1240222,4.840123068356057,2.136017724803924
909770,4.847678660927066,2.1530474552605474
905982,4.803716679655646,2.1061841984995415
724879,4.831551666761534,2.145533164347109
909719,4.829191703261335,2.118062950660318
1240178,4.831443972396277,2.1314628838962255
908131,4.807338797093371,2.122842768263558
1298232,4.821056738144953,2.1503380053942145
1299075,4.835269197414446,2.0614547898158593
909785,4.846035263517179,2.1411315119949488
687592,4.818048994140593,2.1254711490744294
946356,4.860031735852452,2.1455690368311395
909771,4.855310310273298,2.0962822261466987
909739,4.83309959020329,2.155731367208254
1247871,4.826943546796367,2.1074537111886804
905959,4.82577337681294,2.073889357935809
910906,4.839833972642485,2.12538380654926
908141,4.8441180853260075,2.1673196561928587
908136,4.837937263863892,2.1454829603284304
753615,4.848010188433212,2.0993304107134243
1331048,4.831703025809016,2.100584080918731
1299080,4.828383282455364,2.1487669759238113
905981,4.820814018977458,2.118263449169071
946354,4.833064096868271,2.115339652966097
1299064,4.853636267047026,2.1777746267818445
1331038,4.847721138678806,2.149289766541028
909725,4.808959218774593,2.0765543881586526
909755,4.855285011721638,2.117870644565277
724812,4.815681134922214,2.15863702183023
908151,4.864723033127546,2.1676781890383348
905946,4.841590306812927,2.155716765282788
724838,4.831213375890742,2.151805590565498
909780,4.8351418714263295,2.1816784329799
1331049,4.840663726117028,2.124706031902806
713885,4.855501618337269,2.1097104357704706
753614,4.835594283431048,2.0939248395522276
1240223,4.847151913264458,2.1041884080121016
905956,4.8116381009328535,2.1675146104115064
910907,4.85332772096752,2.137183719141606
905962,4.863503872605319,2.0756227803906064
905945,4.86520413189328,2.138127241097778
908139,4.827040213171415,2.155494233417231
925339,4.813257189131886,2.107777187714522
905983,4.801665490986559,2.115402898990608
688121,4.830024493992528,2.0754875448909766
1331050,4.842322987206629,2.139786089222579
909708,4.826721886445508,2.141321441885626
735784,4.83417794709319,2.1365832564247933
909773,4.85974358048154,2.1531012045053926
909716,4.835652387198938,2.0974953133542558
909756,4.825260603524489,2.1200647795221172
909736,4.802355975584646,2.113041811571204
687586,4.8184202498953255,2.1278646637106906
908138,4.832041313168363,2.1790583754929695
907799,4.813180074509046,2.1260002406718432
687590,4.8075802194493535,2.136507305258891
909779,4.84937363169921,2.1244543945352117
1299076,4.8217000800701895,2.11498061357183
1299051,4.823062690956562,2.127578759301939
946355,4.827885354160163,2.132489831565324
687459,4.832957524680622,2.1408697360639675
1331033,4.845493051444124,2.1746086513254563
905954,4.825687792876043,2.156403310967977
909742,4.849384902611551,2.1729186857329927
909761,4.844377187500463,2.090971107128143
1287381,4.816357734036461,2.1945600314674927
910784,4.8209992120758836,2.171995365203669
924104,4.829423693720436,2.1557285031888815
906801,4.833945398246983,2.1589567995034833
753538,4.831398878232082,2.1718028168738392
906820,4.815739207299666,2.1601511752980893
910852,4.837699814278106,2.1636210861337934
753547,4.854921816421398,2.194517956548491
906807,4.830999831888622,2.1893707770559288
906839,4.786569354972052,2.1561052970073025
906853,4.825950436156805,2.1373807531226174
910924,4.858554411298402,2.195750957749222
905950,4.806886427748825,2.1129954623470804
906763,4.8382758394486665,2.1825215904558553
906696,4.835183289195374,2.153084852553011
905963,4.816780926661131,2.1364910757001634
906818,4.831284579096068,2.1880231543941306
1290765,4.817714090732377,2.196107034238739
910692,4.839032264896227,2.153449313345902
946368,4.814894976662991,2.1662363144173966
907295,4.853855187621842,2.165051037421286
906855,4.823001643899505,2.1687359872211833
687561,4.798219498498974,2.138154448740984
906793,4.833231262664237,2.1709457983107
910933,4.821678846120056,2.1336998812629084
753616,4.81082282224901,2.1105367343049837
905951,4.81996299630546,2.1710560280277504
910943,4.801291868551542,2.141190853247241
910689,4.838055748821418,2.171392520921783
910915,4.831676974558908,2.1892139728589113
906808,4.853262364882538,2.186782190088121
1290797,4.841212484999256,2.1829879117503976
910936,4.816137882457847,2.149957348642195
949156,4.8334760269547346,2.1837604307489804
906800,4.830633742010336,2.147546352372322
910697,4.833516791522024,2.1658706050322247
910781,4.848300426128386,2.196103515953839
753534,4.862786897057412,2.1263286206275045
949093,4.848642257282113,2.1595406384610283
946382,4.859151855459378,2.1584689144319484
910569,4.821030605090712,2.159132868972563
906824,4.844353835497374,2.1954807510182257
906805,4.836125439082183,2.178118987129834
946373,4.788275527972656,2.150464814497209
905935,4.841247020963216,2.1901832688869485
1240127,4.846797100376273,2.1812503082055397
910922,4.808659142027615,2.19317174796749
910934,4.8534423673500475,2.1352873681011166
906765,4.8478843116652035,2.1405299986170414
910698,4.824972319187887,2.147390852148303
910710,4.835864544834034,2.1760259279423764
724859,4.824368488850003,2.147227735891928
687505,4.843652379941305,2.2007662279762594
906814,4.817685628812724,2.1765756739285504
687780,4.832499775165907,2.1710570614353064
906833,4.828114536303423,2.159703466846745
906843,4.851492405195025,2.1787417476004167
1240128,4.824088074576256,2.1817104097257785
906795,4.817509972349656,2.175401897641071
910925,4.839815980362618,2.1447767102943986
910687,4.867782375518313,2.1738615858390693
753535,4.813925471791814,2.133483867490986
910700,4.839966619587551,2.1774661786864242
753624,4.852241815678191,2.1694790404243434
910703,4.838589272140883,2.1620764872315696
906821,4.85508374782166,2.1677681716469523
924105,4.8445223304032305,2.171711049374279
906837,4.821695107066127,2.165803558354402
906832,4.8361387606439825,2.172894056761828
949167,4.832921993915013,2.180179023407043
910921,4.826664724024188,2.1771875984317965
905949,4.833703084037931,2.158067579218613
910705,4.848866924622681,2.1531772631836863
1240122,4.857013744591644,2.1674105853869285
910850,4.833939802279136,2.1502810133673522
910853,4.838348696110677,2.1741207518605523
924107,4.824120842308365,2.1422040083832217
906812,4.844856074223447,2.1829395363529684
753548,4.845307398002498,2.179990531154755
906838,4.842911704731664,2.1920726202365235
906851,4.838321696290827,2.1464464679435022
684062,4.8332203954586985,2.1878010484010897
687563,4.818180573041435,2.0914029850171256
684052,4.82068059105885,2.1900792468351034
910919,4.828764512359378,2.178446517437614
906829,4.828836390035905,2.152328962126862
910941,4.837519321740475,2.14756635757224
906827,4.8251450272501515,2.1879991264793626
1290773,4.830591643206804,2.1607142060943594
687596,4.859323926557546,2.1847763800749878
906841,4.823890332340677,2.1816719281822743
906852,4.852352290378309,2.21136898574042
949163,4.839616229269183,2.1488058665367022
908125,4.8108447255666436,2.1305982378773702
905984,4.821358871612026,2.112606206038709
909743,4.849998870436377,2.189007048153892
753572,4.836744475600117,2.1320891044872403
909976,4.863920694333838,2.1158126592417137
909720,4.818553379324672,2.1465937618404225
907290,4.831078872264517,2.1036441798963055
907050,4.826725668944615,2.153362136962241
909754,4.841230014607573,2.143719940924637
905973,4.833981036989061,2.115458357663855
907176,4.819460151977008,2.154927565713411
1240157,4.8218850174214,2.1325861637099006
905960,4.838741048405959,2.175802523171982
724872,4.860710976577269,2.128561195489013
684072,4.855806859570511,2.153092873506466
1240166,4.820707586140822,2.0591660407379333
1298215,4.847090966443214,2.1521405992311364
1298141,4.841912754412655,2.142810607267839
907049,4.8465542571060976,2.15104692318885
1240146,4.8552511489693195,2.0878609275219104
909757,4.871520438500199,2.115105866293562
753559,4.858443667740294,2.1478324199719565
907270,4.84968918119991,2.138605369813932
1240158,4.830717874339044,2.162606441821913
908121,4.8763759593804945,2.141406668853833
909713,4.821788692632386,2.151072274263956
1240219,4.8278713197844665,2.1262763750781843
909730,4.853441300446544,2.1626829538479493
907282,4.842296561829731,2.0951590061139043
907062,4.8447192756301165,2.144217071457627
907059,4.865849068381878,2.0976169341306576
907064,4.82258210817123,2.1349113791606724
924247,4.8379721571261065,2.1492848755155287
1327771,4.849659971416486,2.166234379182956
1327769,4.851297426174813,2.152573412097794
907171,4.850018120472452,2.1488778884973376
908122,4.854056297528896,2.143018906659759
910946,4.802115795282082,2.121263224284453
909728,4.864383511606565,2.1143435854874952
909732,4.84988826013748,2.1379619570845585
1298216,4.853140029868815,2.1670769178629494
907066,4.845371043213,2.1388944417501023
753558,4.835534407449309,2.1399403961291243
724869,4.860210353464857,2.1235302786212644
909758,4.825408960947988,2.1201514736997584
1327766,4.84594211458868,2.1313652682581825
907391,4.856794501267275,2.147267550846004
910779,4.824402954866848,2.1355016494801045
713880,4.864163847366422,2.142107563394056
905965,4.849150908159336,2.1658613670948927
909729,4.828224859890397,2.1484984458023244
930298,4.859338948210502,2.1742564095787733
753569,4.850052562718928,2.1451996319070163
907042,4.846260766367615,2.122536343874703
907287,4.860106153127486,2.1195636699138913
753612,4.860832714869106,2.1266979958557837
907268,4.868360580966132,2.1401446770540598
1240159,4.82796487858419,2.1584801704913112
1240155,4.873618092117838,2.1691333744462575
910911,4.839755593821022,2.1223126444630567
1299070,4.846201099561287,2.1537046016994195
1240215,4.826077048974096,2.1330781717399065
909721,4.873213904738063,2.1118190804049375
907274,4.851876322550681,2.1859313451449722
907286,4.843724649925646,2.1298990640091655
949153,4.834853760117615,2.125650734180379
907057,4.851967728574533,2.1284872433368345
909731,4.840424452344665,2.122816754931965
753566,4.853134414979046,2.145462918203449
1240160,4.833517962064323,2.131049753469423
1240153,4.8504791879167675,2.126107606701051
1299050,4.857088424142095,2.129762710345998
724878,4.840777300721897,2.0713980134526486
1299059,4.851840921763103,2.1269704552843316
909722,4.867011504291488,2.1198117023434464
909726,4.839621969455893,2.139158117160661
907073,4.858730678724812,2.132990844835339
905972,4.82420613888671,2.104135452067666
1240154,4.854535018214697,2.108085302561195
753564,4.847729265361634,2.11239639018865
907175,4.870475350779395,2.132768804650896
1240161,4.826819015222676,2.1329211710880496
905968,4.842618173484923,2.134899628408253
753610,4.849621535950996,2.146370739999614
910209,4.843327791480574,2.1705415339787315
909724,4.854012017102966,2.134377732501075
753563,4.850614741251773,2.1272454625858566
1298222,4.844283478446613,2.132909634679501
687509,4.836262302579616,2.1707917436526385
1290922,4.848368672783984,2.0915803453360233
753565,4.859107976371895,2.145074313741189
907170,4.843471784667185,2.104350659192484
1327765,4.831722691002653,2.1242516057373075
1240162,4.838174008274813,2.137424600167023
1327761,4.871225981592457,2.1716469969148804
906862,4.812060188740235,2.0742218763754767
753554,4.863802947448059,2.0740979614507284
1290722,4.820967642058077,2.1347174461286516
924108,4.837792606153675,2.132062115646205
753546,4.835948229306641,2.1445374671416992
946370,4.809283023070884,2.111517229096313
949165,4.846940617583936,2.0809734601542487
905938,4.874510172217007,2.141993699250385
749714,4.865487670802008,2.1664922361392693
907053,4.853348842046395,2.1104354845275197
1290906,4.859451774849131,2.1585144391174436
1303900,4.831069299238561,2.142749954098397
684059,4.852888920863282,2.119920839196139
1295741,4.847234373031585,2.142869921900166
906804,4.868063567284031,2.135159380658883
906836,4.8611065677308885,2.099769263702918
906848,4.872030770790008,2.0710095042329946
949166,4.849416555578321,2.1327333228027077
907061,4.832295333102491,2.1429144794629944
907072,4.849582792064194,2.103187179870731
1298136,4.820160213902826,2.129641052462191
1240149,4.807623191876742,2.132509808124246
905971,4.8628622884793185,2.179946548819754
911905,4.868721559588075,2.090697710742005
1287706,4.8516350709934315,2.147466011756002
753531,4.845523898062481,2.1298013861134395
1290769,4.859671143668283,2.1341756835588637
946369,4.827350851066331,2.0710340448872144
906849,4.864261163849277,2.108355903096254
905970,4.835296219936103,2.130530183954773
907285,4.852713473837763,2.1406378812027174
907051,4.862341615313173,2.160199005254422
907055,4.855587760690809,2.1544144346181477
907043,4.863185332496657,2.1100386041852484
1290907,4.846658544806829,2.1192161747087495
949164,4.850331239297927,2.146792335455516
910851,4.883006965433533,2.1329965720554895
753532,4.8240784946054145,2.051508226027068
1240123,4.864572858993016,2.1251196201513896
946367,4.817584775598775,2.126430627132321
684057,4.846904923711643,2.1299653344724065
906856,4.855753661551855,2.104676313659609
924111,4.84902027002694,2.0705971704742305
1240145,4.855065767112332,2.1720913904157593
924151,4.847739050900285,2.1322720532451758
1290908,4.8460394745899755,2.143181488693186
1240143,4.855018046409904,2.1272323143808
906847,4.8643427422206535,2.0614630372842053
905948,4.846416800468353,2.125211324407147
753533,4.852525686611875,2.1058599976143277
905952,4.861267871544464,2.1483598638839965
753549,4.832777230672738,2.042703547794856
949161,4.850406823372852,2.1025786240307083
1503370,4.839451228850786,2.131804175791038
907069,4.856597466107966,2.130237391922262
749711,4.862514916985641,2.122183146844403
749715,4.875949224255335,2.1431056220561335
1240151,4.808660553213338,2.0850526362882045
749709,4.843668742377705,2.161599607451137
753556,4.871745394088185,2.1409752955297985
906794,4.843923887186289,2.0880282686939755
753536,4.858580669325843,2.1312124140165216
910691,4.859851790962913,2.0699125235217806
753551,4.880052811632223,2.07867891819153
949160,4.842802985543836,2.127721864214178
906854,4.8638553666667805,2.1217115828425115
905937,4.881466906872045,2.0894665286632272
1247873,4.846040507035855,2.1320599426437328
749716,4.861755358130939,2.07107899132039
907056,4.857508408552925,2.1208527609866685
907067,4.832313263511949,2.1279066563544853
753555,4.854481988931615,2.1486945538620916
906791,4.849840898918373,2.0770662732769254
910916,4.847593511920485,2.1103045179718034
910568,4.8468481521034334,2.0815707701954698
1297446,4.859627642171242,2.150073649989924
949168,4.848329354605818,2.0653461793516263
1503369,4.828091874601261,2.0999335265441728
907048,4.872309047118959,2.141222141139337
1240140,4.845905442511341,2.1170570535932405
907046,4.866076202188274,2.1386594141980493
1240142,4.854892586667418,2.1428221317121685
907289,4.869298291731165,2.1204238106861837
906846,4.846220600435455,2.1372023950245045
910944,4.853876206179996,2.127558413736456
1240121,4.857792418819241,2.0792766538471197
949088,4.84570579549672,2.1432918909895275
906842,4.842221971777599,2.1051655585739972
1503366,4.83764986981459,2.0979026549496425
1240152,4.859049244881177,2.0897388552971563
907047,4.873848323752477,2.1237851817172526
1240150,4.833695406978315,2.093750462981511
1290905,4.854687641422684,2.145924531840848
907071,4.861393333450772,2.1448805784107714
907068,4.843288041149471,2.163405979077366
1240183,4.836344912676149,2.153280065353175
687820,4.849117473466286,2.0918597577628137
687815,4.83995109106088,2.140372830914024
753605,4.863935035460378,2.1526253278153162
925341,4.842573247367739,2.1262878458803516
908444,4.827151285721872,2.1497849705317664
908455,4.841930237333409,2.126346497181404
949174,4.8383083987485165,2.1496298416752793
908449,4.790027673207997,2.1146742645023737
1330985,4.840338367478217,2.1431551365441224
908473,4.845090124931388,2.151375146886137
909749,4.795453526316743,2.1471362818943645
687800,4.8441982315548655,2.1425591657594745
687821,4.8451497997558155,2.154207030873879
688011,4.848838035592315,2.123888858764231
905967,4.855473442336537,2.08007536927481
1331055,4.837547363554998,2.1227710039610415
908446,4.875491975826133,2.0872091015897842
1330982,4.835955278662298,2.134038345314281
925342,4.841993630202444,2.1533352171711515
1480371,4.8577307883383805,2.15328926625375
1330984,4.832635971874497,2.1434887698552076
1240186,4.823948407157338,2.1424126086933564
909711,4.837063372906983,2.1413431906917295
687807,4.85548717937343,2.0757628481202923
1240187,4.842628571182696,2.139067548636711
1240189,4.84549815518321,2.1541901740760734
722066,4.848990680053022,2.163137063925612
1240192,4.865855684486847,2.096693255868949
908158,4.835953901796281,2.125202927975846
949178,4.836009840370658,2.115180065898121
908450,4.80900660475452,2.1374207482254928
1503363,4.844781645980205,2.1525538710067567
1330983,4.838600217138281,2.118551181653717
909737,4.834301265492375,2.111015777567964
908474,4.8487761767692765,2.1753092932522966
688018,4.852698281365208,2.139967894061999
688013,4.841534136948954,2.125969327353883
724874,4.859244699129219,2.0978430581684697
1240190,4.837076952342104,2.126499945005333
908457,4.84240241740354,2.117758630381003
908445,4.859615953725408,2.131607238294963
1509074,4.823423060367201,2.1252265499229166
910849,4.836907029643105,2.116318164831783
905990,4.834145685867858,2.172942278210836
1503362,4.851520536467953,2.132150617213012
905979,4.836077875133363,2.1533911496760814
910701,4.828294081847176,2.085593488680464
687802,4.846819294430108,2.1075275962227584
1298356,4.845848410869791,2.119009288617295
908443,4.85317970288563,2.1475774272177466
688025,4.867603290654222,2.1256375537624974
724825,4.860079476036453,2.0954808359332646
908159,4.852505608443398,2.1386428978037864
908448,4.8260218489176,2.1380155935891474
949177,4.838848672046545,2.1682564174791947
905933,4.8438714271370324,2.141059311953743
688006,4.843507505502994,2.1316094510247634
909746,4.847947161218417,2.109698764528709
909740,4.845504014178231,2.1433866462461992
1298352,4.864531575278591,2.156284820211581
687812,4.821709494612856,2.0816262001791306
688022,4.837455624592419,2.117326346872382
688026,4.8420364928377415,2.0358743995894013
688027,4.863915218933519,2.1468623757920513
949171,4.839667393065198,2.1167412366664613
908451,4.871684022671498,2.144211532083195
949175,4.847129414175811,2.0946188767115026
1298358,4.833304792352032,2.11700019410169
909748,4.865908628022003,2.1032056316484207
909744,4.851945780423315,2.1587414798491014
1240217,4.859017368236142,2.183599292282114
687814,4.834630623652078,2.1479258748175236
687819,4.85186911399861,2.0721518152227345
908482,4.859043287092432,2.146019146865889
908459,4.845536623195018,2.143023166312742
688031,4.86011745491235,2.1426263290362644
949172,4.836139293279132,2.048194775415319
908447,4.830590341195108,2.0993641346555143
949176,4.8391312976337995,2.142666541477305
910930,4.856827933365589,2.1421421475838485
909751,4.852114353206909,2.119625467708631
1331035,4.853716414887762,2.134119716780189
905986,4.820248723779786,2.1341114824591463
905942,4.844814803004238,2.137058600292994
905944,4.867797888594611,2.098352943529225
753607,4.833181938433319,2.106600957712758
1240191,4.831013045197335,2.1452328007427934
908440,4.822638271320372,2.1359339955822634
908452,4.814827407086245,2.1051638286032346
908454,4.838363931555518,2.111501864375839
910904,4.845410220672072,2.1134310498998716
924244,4.854773438999309,2.171257718450425
909759,4.805511662942874,2.135138284968197
909712,4.809142140222182,2.1325543104258977
910566,4.834341164024324,2.166208808359598
1240181,4.818240105577508,2.1733963944957533
688014,4.82360059540963,2.1092405823639
924241,4.849344546492316,2.133521017545857
906823,4.800900247004656,2.1465910207682164
1322213,4.825779085921426,2.13238600812156
905955,4.839392347234693,2.1199361921515183
1479994,4.812265512366113,2.167873675366433
905957,4.776072470870861,2.1578861128022235
713869,4.840864211737941,2.1744542436484178
1480364,4.825387165224334,2.148617906556865
910706,4.814393181452611,2.1501906366048202
1480374,4.825495404599673,2.166214674808335
1322212,4.827223580968174,2.1437629445720403
1330964,4.8104372681372265,2.151989796773025
1297449,4.840064994219942,2.145743438328166
1330975,4.818346978802607,2.0927188409634363
907273,4.84418942236958,2.1768431978369693
1298353,4.834168884745465,2.1611732956526177
687787,4.837567118505529,2.131998864910283
1479991,4.804199933910474,2.1488941537355166
1298355,4.8349477688820395,2.1548944867111786
1503364,4.845845436835001,2.1676319934191364
724839,4.793915129287599,2.1593887515663046
1298357,4.820502121239306,2.1413475241241113
1240144,4.814884130442905,2.1761908864775013
1331026,4.8155439304469585,2.130337810488692
1331025,4.824263641926398,2.1340224995888764
1290767,4.786616810944293,2.118493712943718
1503368,4.8504898950892565,2.151929589395854
1298150,4.8287066572135355,2.1214824286783465
1330950,4.824204847027376,2.1423593680834445
1240193,4.837010083698463,2.133716661799554
1240125,4.809605679690615,2.092650061500952
907791,4.829966772704554,2.176365454026875
908483,4.834802162436708,2.1366000916915735
910942,4.846102319428774,2.166103275876886
1303912,4.795202122023351,2.1404119796748566
909702,4.82237139624306,2.1564933023129984
1298351,4.837714899717538,2.174767215257447
753579,4.788262166894163,2.136370859133286
1479993,4.810503077667637,2.1433969392520624
909774,4.824352445606504,2.1966229848677354
1331039,4.831296927814584,2.149983818878075
909718,4.824359232365046,2.1746253040907044
1297447,4.841621830922054,2.170817236382111
1240124,4.839188820648877,2.165002960019198
1480359,4.833358486296271,2.1601203537391727
949090,4.828307353238058,2.12682653638678
11223344,4.8598624133105295,2.1186412112281725
1240182,4.825925255706632,2.106260846455634
1298146,4.853477221966588,2.1673976719897965
749710,4.850060343354518,2.16826016900506
908144,4.805735107055719,2.1445247275866635
1480361,4.8213412214663105,2.1509099308853505
1290724,4.8106250669486785,2.1608025694010786
1298347,4.838591534245871,2.156283481096092
687980,4.8326251271929985,2.153610543194933
1330945,4.830630190254274,2.144623351108118
688001,4.841753078093813,2.1130045010515324
910937,4.837509926209897,2.1324630308822177
908142,4.812529167749159,2.148901866929712
1240147,4.839400886392602,2.159718025647181
753581,4.822925717083759,2.1381629231063735
908123,4.837177970964843,2.1788135058954294
1331037,4.839147087219675,2.1154024809156584
1298537,4.8195721332861865,2.1642755481430247
1297439,4.8159421924616295,2.1357851521677684
908132,4.795056127282867,2.0878955452559858
1297438,4.830023825707615,2.125689452316281
924240,4.822044495518954,2.1506280022462145
1480358,4.838200350876012,2.1506207092547864
1323913,4.841669647916282,2.1564081505116404
1479992,4.806080576749415,2.1426590411690216
998179,4.834374016709398,2.1749941237092965
1331060,4.8128465763120625,2.136519187422549
1480360,4.7989951728953235,2.134453444746519
1290725,4.83537530813019,2.172945685730635
1330941,4.834496639691487,2.177345915637171
908133,4.8080514091266116,2.1067201688461314
683665,4.836550474702814,2.134131395487488
910780,4.802033252216901,2.1654469458742636
908469,4.8352971391962285,2.159242027791387
753539,4.845586736096078,2.152738625607361
1479995,4.808479792333957,2.136435188482388
946358,4.82835325101635,2.154740991694573
1503365,4.833123000783952,2.1689798054019525
1331028,4.823891946305795,2.147731252202157
910910,4.848069799282116,2.1369462757475266
1660035,4.835065263247452,2.13041308153556
909715,4.84653631985786,2.1591547545410026
1295740,4.839748100852644,2.152392301808605
907281,4.869421572733205,2.1409140749131694
906864,4.845077149744946,2.1519259730267515
909974,4.8145530463959725,2.061421557090473
1503362,4.8571774476065155,2.1426192609541896
925340,4.865036678658498,2.132633472534195
924248,4.831784406253643,2.121727877049854
1659928,4.842559459331914,2.110798481401596
905985,4.8070679746115665,2.1261722550371274
910702,4.822800785202023,2.1108216929998647
907318,4.8466201867592655,2.1452132698898096
1290795,4.803360922499943,2.1329726845847503
909262,4.832682273425122,2.126306648767365
908461,4.851594823751362,2.1000462553072485
724870,4.837250305927739,2.017454675706572
946357,4.842925904069206,2.074788852879549
1659929,4.820681059352941,2.0790591537563317
910935,4.856338509449276,2.154258704721175
906695,4.859921095437136,2.1692597695989724
907280,4.83012673008382,2.120773262284111
906850,4.831770975829538,2.1190734659035146
1330993,4.832842386761534,2.1678349228196785
909194,4.856562838888004,2.1765522017236103
908135,4.829526820884802,2.1152005816642627
1331040,4.834088917896532,2.109484515199148
1659823,4.857269585697686,2.1354662928528354
1240211,4.819288016958445,2.1087561558107653
906693,4.873232952903916,2.1308432867743137
909977,4.797645726880378,2.1094402832395116
687777,4.8360373022279415,2.0910210962099036
1298531,4.823850709216172,2.1344806267326244
908481,4.859753922346364,2.142020168117667
910920,4.811347566952065,2.1307151146348815
1674021,4.812340574084945,2.119218040664567
688086,4.828157742861177,2.100844661062098
1299049,4.818187884118125,2.140504172912699
1524414,4.839356078991813,2.1688740649514724
907275,4.855674948293356,2.0895862324348293
910567,4.808157923248945,2.103097872668468
905934,4.869471587486707,2.171390167624831
1330973,4.8376121162238,2.1721186128578798
1240220,4.836831806213978,2.1326446315091614
1331036,4.829282049344812,2.1619357621682815
724828,4.835745034379208,2.1076448738030713
687562,4.834568187583981,2.1398321185180884
908119,4.848543125163626,2.132092271130059
1298145,4.809655425621561,2.1098683845093142
753540,4.819366292266665,2.1290456494821814
1298475,4.842135714589582,2.1242004710032103
908468,4.860295767817895,2.066653453678229
907790,4.810172484230668,2.018919317147065
1660036,4.8653252728850855,2.171081872365336
909727,4.806223315377368,2.0784771446256176
1331031,4.819054328386412,2.1055072948556
1330942,4.830182894260225,2.099837954269976
1322224,4.839658170858613,2.142241711183254
924106,4.855632697668767,2.0935438810506835
909253,4.8578434782386415,2.14823374429372
908441,4.845574461925438,2.136487700493027
1660034,4.8551434538398155,2.164466296819292
753620,4.840481475042876,2.1033377160641007
906790,4.843579435510673,2.1544901910614045
907785,4.84213522421879,2.154170783345216
949162,4.8405690594259525,2.0858904345726024
1524417,4.816522806332404,2.1408288728212317
1330983,4.845369682615725,2.146836411846145
1659818,4.84424981012613,2.169893402688479
907272,4.850837717153159,2.13454300999572
1298526,4.859380173051797,2.1417304926050202
949157,4.845987118651618,2.128313125734134
906867,4.823238624636508,2.1674957751566417
753561,4.852276221283405,2.126723688310626
1723793,4.829994915748983,2.152759856408512
910905,4.866965918782747,2.1067722184675275
949179,4.838026250486541,2.089751139981773
1299052,4.831969212008017,2.1102557711553662
907278,4.851977553182256,2.1353556035223136
905940,4.873015523555485,2.141066450826479
753604,4.847133391983668,2.1030468864810916
1298476,4.840551059675197,2.1027907114547317
907788,4.857637066999142,2.1239459273853245
687506,4.85533224109204,2.1565921362779936
907000,4.817085831791773,2.1640061071184693
1240221,4.86233979970983,2.1513753975301504
1298218,4.826325453802546,2.074710471825528
749712,4.849637270935601,2.1200900057251237
1723794,4.816760208412604,2.1797608414069742
1298156,4.831556876515884,2.105547569768581
753562,4.819382242085906,2.1989294905003938
1299061,4.84504363798212,2.1296276437749198
753585,4.837216964517906,2.1311249887629864
909735,4.817638124303438,2.1641723442438283
949173,4.819453347072829,2.155600996324469
1240156,4.816104283886516,2.1538067283504545
907269,4.835778424498537,2.187193190440618
1331045,4.8075065315447265,2.1656288867719065
906835,4.806064410725627,2.1526383964773115
907314,4.806829761024142,2.1027082479659005
687804,4.848069112066936,2.1639105889968606
1524415,4.813602988851859,2.1547028958015138
688023,4.817499373032544,2.149017314342083
905980,4.824389459489634,2.191987094828082
907322,4.82984578648564,2.150169229791868
906831,4.783246857651953,1.9950267097946135
910554,4.855272464321297,2.1665156913452814
906870,4.79972507175477,2.0955727628387
1240167,4.8194520025636605,2.1544313123452477
1240172,4.829834698114022,2.1698596282143603
1330948,4.853279315001403,2.173883486191318
1290455,4.83363743693094,2.159617253004885
749717,4.837038730240746,2.1447427689063807
930082,4.830464445769438,2.1726324436728
724834,4.839416293032553,2.1702493567490224
946372,4.801478087395614,2.127114374976645
924102,4.79395960916005,2.1581362177161116
1327768,4.822756486799081,2.148907230450744
910951,4.831002351120302,2.1389703357806926
949094,4.796335943927702,2.1232160574725083
1290768,4.7995748390743005,2.1299327095598746
1290771,4.8538232916552655,2.1716434508430766
906828,4.824437199852851,2.163684113128057
909753,4.838481210013306,2.1623700358022506
1299067,4.833207687657513,2.166211262326352
687985,4.83428961757503,2.135034600859062
749713,4.815995140543699,2.145276439050044
1479988,4.796989784138096,2.1492989357681034
908152,4.797278341913846,2.1560869390436954
1330994,4.818384728365311,2.112834880719743
1331034,4.8239883278162905,2.1509005520788915
1303897,4.837383383924949,2.1710112107731416
1298160,4.81724558291684,2.1360168506606874
1503371,4.833018838168349,2.159757366936787
909769,4.836931950972933,2.1762039572956824
925345,4.816698757428505,2.1461638749885115
909717,4.793519194049905,2.130147982156339
908143,4.792101883049463,2.0911760847468934
905989,4.828687839131774,2.1566386335247025
1509073,4.797700398035734,2.1513151211332078
924100,4.834875336431377,2.1283172515368736
1327773,4.829038119231173,2.135793182405251
753583,4.838006530339965,2.1725869312047403
753545,4.819281311899655,2.1585630344570026
1479987,4.810483495498704,2.138015978171853
687600,4.838782885128971,2.1459510155026567
909781,4.796946723045082,2.163361905394477
688021,4.836787042741341,2.1259863648848296
753577,4.793742979460753,2.12391046676722
907312,4.809727191672203,2.1337860284448227
906803,4.803438552160371,2.159703542527808
1480362,4.7885762296985215,2.121452754579994
1298365,4.808875298683106,2.1484168992744155
1503361,4.8266959793324276,2.17509320310187
1659817,4.824627328644541,2.1327854282833276
1322218,4.8470996464965275,2.1180545244701063
1330972,4.818445485955215,2.1457235533613983
909776,4.83245777893525,2.1462454025043876
722046,4.837249136052285,2.19281996445539
1659819,4.827287821424606,2.1694458418860014
687448,4.817182941898661,2.1366679774789983
908130,4.818809707210554,2.1417433445913527
946377,4.801716145974449,2.136408366962815
1298154,4.808700179100181,2.1491352952833913
924238,4.792494960043524,2.114636937245135
1298223,4.828176415148305,2.1540147337472257
905941,4.800384134520578,2.1575256593254375
1240218,4.812830488114139,2.1197803134361877
1299062,4.827501468163731,2.1461226584254645
909976,4.834140459064421,2.1485865500317654
908458,4.845180868386078,2.178453444207724
753584,4.7930615799834255,2.12913873949926
907044,4.839982893463985,2.1710269967579077
998184,4.835946752721618,2.1651053249521075
908145,4.80047489659502,2.129693685784205
1659787,4.821268322782603,2.164214564993339
1298157,4.829310817414333,2.1442203271824987
1480372,4.841707300350759,2.1832762679530773
1298533,4.827011243350885,2.088641717340145
930299,4.841985620675656,2.1622138083924876
905954,4.811989202214008,2.172370613500555
